PaperId,ClusterID
0a9a85b82e17c880c923b5de9bec22931ed76f13,2
0ad7e174f73e58184845bd1291c97fe2d2da2195,2
00a172302a68e534862468c0d37c4991dc16f57b,
0c00df588d13adde6e7948121c25f71bb0a7d407,2
0ad06d39f69caad2cb9feb96d0015bf7e377db90,
00ac0ed6be59b281c8f58c3d34387a424f5c6da1,
0aed5fd4cefd2f1cd61665c2198ed1292e9e510b,
0b30e970d817fdc264c7e6f61eda62e29775e650,2
0b01acf14884ba1e94bd086d3acac544bfb1bdc4,5
0a1533470817bc5ef0d0d0af56386a96b505dc0d,2
0af3e5705f28a81f9dfc8ab6d95b486b151486fd,
0afe01a41524530aa68a82e51d4ddd0c1a5a0de9,
0b62718edd436fc4a28845728d19b4fa820825a6,
0ab9753b9860f6b8c433f07e1bf96c98f452ecb1,1
0aff00101d5ccc6592987185ab833f95d842f98b,2
0a76f40f5ae91395a09ca16c42949b8ee9525ead,2
0bf4618d8aea8295bb7d4fbfa9dc33c54971b3db,
0aa98e80546e920ee739d0f7145031080a6af8f0,2
0bf797486162cdde8d9b318bbc90c47bf0844ded,2
00ae0041374cbbf28df0d2cbeb08c1396a4f7878,2
0b4cd5bc868e1d858b9beaf9d4109a481df31a8e,
0acbde5c3e5d4f964215218392e5fe30231920e9,0
0a6ec52257d9a88992564d9c0c83f1bfcf54acc9,
0a19aacc124c9c42d66d481a9d0c837a76a252e6,
0b8f941a2f75de61f6d0a4edcaa3d65eb67670d1,0
0ba56d8d00d9a7761ca1110f0ee1ba330cef767b,2
0a05c27948e6437ede5bf64c8dea7ad9efcf21fb,0
0ac675fdff45bfddf5aea34d37f58ad7df4f78b9,2
0b5f8aa815f121c29d72e06b6fa8f1e1f7baa64c,
0aa722f09c872856c8bc2097e8e56107c8119c72,2
0a48e1c838c6f8eb7cee5c726b1e266161f87ded,
00e490bccc20b370f5d9334b722ef405d53c5eda,2
0b3f9906e4c427bb4e1271e5d4d70e1b91e0c36b,
0a64b2c55fc2091358da4f83ac6fdc7701ddb46e,2
00fd39b9167d20b07ae353e49b46c78be7193677,2
0a4502d33aeec22eeb1cff84518e355f179c9c45,
0a2746334395941b7b6eb04562e451a287e3fc50,
00c19aff3efc6e6430f77d81580ac927990ad5a2,5
0b5766df080c50aa5aa947e28e17af647c6700e8,
0adc0c7498f0ebbb3c8f1c662da34605d5f91fe2,
0aeb0a6ffcaef75d29f0926daa4e07b2d1750b02,
00f72ff0dc58a60ef31950d0f28c33dfaf1bf2eb,2
0b361c9edd70e52d3ef668682f0b874e313166d6,1
0babc8288cb5191ee7a1bf37511b415add1cc682,
0be7b06a39aa31b27514a501ebdd477f42b0919a,0
0be19bfb83d9eb0a6b6f1c7ce8b75a58d8b1ed6f,2
0aa4114678465ab2f8da307ef409db92ad4849c7,2
0b9541cb33bfaf15aa3838839a39ef78a11d8658,3
00f75a333fb418ab880629ba8b62ab6f490b34ec,2
0bc315d2fd406be6d572c343f3ec3bbc54686f8b,2
0a41b85153ef8a084f7b3476d4d38832f533e914,2
0ba75e5c8913e663362d63eece9349c21007031c,5
0c1e353ff79d0120e3e224bac9dde7f6ef74d440,5
0a29d54d90d636472416f889c10f12062425bc76,2
0a976f770192ed0442e193e9abcbd3c12da95ece,2
0b7076698224d07cc053c470edb5331625d33af9,2
0a9183d60c2a9c9c817c8d82da77ec868ba13ab1,2
0b7c1981b898008aa88d47c756726c09797bf721,3
0bda57a5160fbfa435ac572072635149687f5e78,2
0b8d789e2116efa9e813dd4763020174f3f26968,
0ad93a12dda6aba8b62f2108fa4dd0b25c1337ea,0
0afa77b04b4ba08978370c3bb823440d0a509622,2
0a11a62372ae38f658c542b42a727f44f85e150e,
0a4df0b92940218a7fc69cb46ba22c8f83a5bb9f,2
0c0e91904a6c84a7ee80cc69fe83370aaa3ca708,2
0a88cdb3ff4361f46bd1651e7101834f8bb2d609,2
0bf39c12d7c4576441079e2e758ec1eacfe015d1,2
0a094d28ffd685164050dbad0e1426abc73a4e18,2
00bcb473981508327f658d20a01547e6f1245310,
0ae02f293c03e3e1a2d4582e62c22f2c0c291f48,2
0bed614165ea5e8b2665c8914882923858293b1f,
0ad29b032fe87db2641893f4cc880c22f2107712,4
0bdae8c38f570965cc9a630a44b7089c2a5da0ed,2
0a647b38d4d6843432c6bc6afe1b8b1002756c04,2
0b7e8eee1a131b49e7a3d3cb7bd1d38c940efcd0,
0a4500b002c2a90da48e59744cc886fcb83c716a,
0a124d3aa26def70b2db71f68c89dfe1996daf3e,2
0a7f3082096005d478c57d5b9f2abf3a2aa3ccc8,
0b4a1c61877f9783c5bb5f3eaf53e76c1096cc33,2
0a815bbe7da1480049167dd1413b5190feaefb38,2
0a1f80b50df6a98674b810bab80b88b58152cb13,5
0a41475b83b570dd0056b3ba82a25aab93d5f981,1
0a4e2a423639f9bb8db44973057da4865f335299,4
0adf258976460425fa1eb6785f2bf1d1790c2d6d,5
00e8c899e71ace112db96ccc99039a7def23addf,
0c0dbf4bc137fb862c9d69c3a771a26e4a28d01d,
0b1515138984b9f9f2d08a8aaedc388846b531d4,2
0ae622198f0a6aa58f6ea0a67fdbc5439d7ff2c8,
0bb67dc3163056b071575cff67683d775e4f34d3,
0b1dd2ed987b7a759ce890d6db09c46cba745cb3,2
0ac431a9a48289831c825c2b30f48bdf7f548995,2
00c681751f25b1ae94a83020692a477fe890040f,2
0b1169ce2ade4c99af8c18a64787708ae014cf1b,
0b5ec603b2d2f9d4596b5f9ab9430e7489d1b5c6,
0ae08d570fd266cc5c5e7f7f21b52b068f67a505,0
000b0174f992cb326a891f756d4ae5531f2845f7,
0b3883c15bf2461f6874da5a263c26e2540b4c88,5
0ba5aaea1db8233464d6dfddea4e06e19953ca4d,2
0bda3352e1f43085c1c1b2595b2bb3b57f1e24eb,2
00f442d557df9be627dbc3cf185df28116587af6,
0afd71452dab041a8f89f9457dfa42ad41035bd7,
0a580342aafc12456ca2c5d0942845ad6e2ced8b,2
0b2568b8178c37cf931ed7d9aae1f7c0a8476dfc,
0a759408e3da1d58199a2ac2171f2594d6dd5dbb,2
00dce8da5fcee849b30c9d7a7e358c5855b14ca9,2
0a0bc6bc993e37df9be46a2c80e969cbac5a89db,2
0b4bee60b8a87ae73819d0cfe31cdc80728d2a95,
00f012303873cf057e5f7c88046e254f37bf9f97,2
0b543687ad302dd86a29f907f314836e2cda5f3a,
0a87fa5193e5a867e9844f8db60490fa53457fe3,
0a7ab0df1e7ce90e98f962330fe3604ddeaad8a4,1
0aa9c6e5d23acccfae9077750071e2768bdeefe6,2
0bd206c313f628703bf896ecb80d2a37e1a178a3,
0a459f84b730814c578db3b6310423371ddc8ffb,2
0b7f2ac5328472f90b97ff37a38793c3c0d504b9,2
0c2cc3f4951a7d04b3abaec999c17bbc2a914153,0
0a53c53cbccfb1328bf694b98532d609eac18640,0
0bee52e6477404d2aed60b9ae06ac53bf92660de,3
0a63872b4b6c7baa3afe4277f6b225856e281054,2
0a6d27149c1fc958d4f6a598cc165a7cb0ee0185,2
0ae70ae84cc9052dedf214ca44a842f0f9edc161,0
0bd443591b5e10934beef050b516afeca6b668fe,0
0aef63f4f4c4cb195e71b50d0c6e721aba9f2a81,2
0a9175035290324826af5ce4292fe7a37c30d327,0
0b8c67ac3dbc51ec4287e9a76541767146106129,2
0bc74879d3ef31cdc5f6ab2000190d2874a0553e,2
0a9a8d2f4a4f8bd18662b69100679fc9cbfe95a2,2
0b0bef364528996690ade2e71a017caab0894bf3,2
0ae42add9e94f1709383f1cc397d640792c8a035,
0b2635ace26bac849bb9659fe89b9dce6bffb2a6,3
0b703c00445f6c0bdd40d95f8e9dbd405a3a1e36,
0b9645e4640c8c337efee60f23124dc7b807a293,2
0b7fb3d53ef729f65beec5a406d0088ac683ec98,2
0be3b02264d5ec556e1d77ec9067e5a7566a5a1f,
0bcc4d843bd37ae1c8623e45dab6fff11263f798,
0a66661884da5db7e7f0be5ab2be9ee8c1132cdb,0
0b9971a4b1239a7cdf79612c16ffc2150e88386c,2
00a00d0edc750db4a0c299dd1ec0c6871f5a4f24,
0a6d3a2d7197b1d4ac24d24f2f154b5fa583f230,2
0ba9eb42f3e220c2b2fc9c22937aa51123e8b3aa,3
0a1b57b58a4f85beb910c49de95a52fd2b15096e,3
00c386ee8b9fac7eeb2291a72d52966d83eec814,2
0bc64ef316cd141b76252306fd889ee9108f1bd1,
0a4379cb820735fce01ca648ecdab069f91d284d,0
0a6091c17b036524ee4c11c1082b6d9af211e574,
0c3be6f8d192a86bbfa513bffc229e5b8488f479,0
0a47d15f82e911e525d1ac2a589af65a768ced6e,0
00f244245f02c27974ee0dd3bc21fe47abcc03cb,2
0ae1db5aba68358df8378580c435e5ee10b1f5b7,5
0adf2e22eefb4ea5e395462e2bc6713b43fd320c,2
0a951bc5290bff5f326fd2b5f90a7560ec79fb6d,5
0b67e259fd64cd00d911f3f78b16e5c9c5fa04ab,2
0aca7337384af08cca7fbd5227d57fc111a90eec,5
0a6dd58fa94203b6c2859a37e73a0f5a0cf06594,
0bbde9d2a428c7ff1fed4651894f112e114f8858,
00fe44828602737ae06e2ab9dd8ffdfbd3ef640d,0
0a23247c10fffc2f925c2ddee2451c552286d89b,2
0a83ef386bbeef3cc4bc4c411f4121e7e6bf684e,
0bc8e8a168e0494844ef69720fa8ad6be16c76b0,2
0c6df41138c9efc896b7cb4f71e158f110f58147,
0a0147800d4984f382f5ccb44abb6af6fdf65399,5
00d9145811242c3832958dbe03c02d8b3b61a9d4,
0bac8697a99da3386e39595d8605d5cd8ac7c364,
00adbbcc70c39794b7d91a479943c84cc33db30a,
0aefcfb7f8f424c21f70dbb39518ea15fa9f01cb,
0ac2dcedb0154464c73007929ef34a17a92e0e84,
00f4ff4c35b33ae22a8883d06b3def89407aa16e,2
0a312b1ea71937f92cf9470a3c171f1643e55786,2
0ba1801a150e25b029cf3c2a38573435b21dea80,2
0beb1484ab06f672e8066c24d7edab2d0f7369bc,
0bd9e38537d45c72b8507471690027a78f8f4584,2
0bf25ee11173cc87455e3b99254a5474499ecb4d,2
0b1d36c395d04f82448c7f14bce6085b88bb2f47,
0bc3c716259810046e4468d785bd7d28ebeb55d8,2
000e754142ba65ef77c6fdffcbcbe824e141ea7b,5
0c6ba9dd4563409e699feb39f57f540fd4c4e4f4,2
0a2ded6cbd632857d491140a57f2773c3610b10b,5
0b028bc596add636668e7b46cf681d1011a4139e,2
0bbb5cfee4e4760eb8d4e84fe72b4e8ee76b9092,
0a39190987452f902263cff390b8d2e46b98402c,0
0aef209e81dd90e92d222eaaacecba93409a8e5a,2
00cca7a85be08651a10a7575bfe055a4882b9556,5
0a4ff36a0de0c6c9efdcc2f20e3223a31e4c05a0,2
0a40acedad7457f436eb037bd6fa6270be9dba69,5
0afd3f3f56703660978d4e7ed81dbde5b44de25e,
0b460e73926eb107001c95c0dfeae2362b4251b0,2
0a84f279d717c0b06d9ae6fd427985dfe8bb71c6,0
0b2d48d860b8473121923c755d3f0f3a8be9d5b7,2
00ef4c51e666d460dc68a528c90cd2b3a4939d87,
0a17c029515e527bfad8a67810ab82f4a3d6a299,
0b5edd2e409c245c0934d4e7cb2d04f1c1fe1731,0
0a32446730827ad8152c6a61e4738e4e0b231412,
0a6e2ed516fa3f3b4678a17ff98af7fb9742ebc6,2
0a0571a18973e6198245c720980385ce77c7a153,2
0c4a5f27abfcbe74ccce53a1d29413022b4c47cd,5
0be4f70079ef4535358b0c6d02444bc4bad4e9ae,
0a4f344f96d5a21e3d0f33e199983738c37a1631,2
00ec85838f0ebb20028f8600e1ad7b68155569f9,5
0ac777f2217547380e42fc316940fbd325b6fd7d,
0bc18bda4baca7de94fc83fa6b7be6958dcb7c2a,5
0a6e4bc983e7a8eb31e252398f47cdaaf1e605b1,2
00ec586d591bfbe2f07a1322fe6501addac51798,
0bc43a2499322cbf8f3a640b522c6206bf62a3de,
0a518f937c3988f00de0838406d5a1f08c9364e6,0
0bdf8ce93686ba13580923fa56be52c57da4fcb2,2
0a872e137c9283ec440b61ec4153a73ebecd75f0,2
0a29a486b0d83b76602f802c9740d6a825072c0c,1
000bc3d4637530496ac4cb798e10d95709eff92d,
0b71cfe8bc692f5d07c83af9619cf3be7402ee9c,5
0b3baf8685f86b7d620418cb17d29a60ce1d498a,2
0b1af480d35b739da799df76a25463bc2ee4bbe5,2
0bb0abdf3a8f4482fc5f7582bd6128354070f159,
0af6cfa7ed99d06112103bcf89310f6812699772,2
0a676dc0d0745858da098764a508c96d69694adc,0
0aa3622900b6af597a045fe24e8136ed38289553,0
0a7f49331e69629979044fde3cf7e5b41a17c1c0,0
0a4bece6d6ab5276be5c8b20db4caf251afae857,0
0a00a6df208e068e7aa369fb94641434ea0e6070,2
0c3a4702bd525e80fb3a00db518f7f004aa1d692,0
0b1af8f93e552ce74e4549c6eb94e042ea541e56,5
0b107128b0e33054ecf9e080b7607fb246e6629d,5
00c23837d30758cd04804e8394f0f794dc911701,
0bf678f28841b3a0691c0562ab19744f36fd094a,1
0ba7931b7ed42e7c0538b34b31d4fab45647bc12,
0bdd91dba6be193d0720ee8568e46b7728cabc9b,
0aab3823dd11220b278bb89cc745bf21ad294b99,2
0b2b9baffc3066455d3b2c2a982506647f6e26e0,2
00af0695e77bed5c1f033a817d9f67329bf2c143,
00bf9b43e3b221ad454d9cbfbcc2fa7e650a4637,2
0ada0042780f8d870696110e4ea59d20345b7b5c,
00aa67f6695256f8ade032f62ea9fa2764d34a30,2
0b772d8aba96f8c38bb15ded872a8ba6ae069488,2
0c5e2fce08994ea993f7c48eb0ecd9267041bff8,
00e2738de3413c60f4bf1996fc6bc48fff83ea20,0
0a647b3d714a349d37ef40569328888549e68609,
00e0678ef6aa5467b5e6f7b0fdccfeb6c3dbd27d,
0ac3fd7c906edf9eecef4c6d7a3b5fc3d3546ec0,
0a6538e9bb96257060be5c4bc94bfdfb69cc0154,2
0c5d4c595b4b55bb3a1e0840b78bac81906b365d,2
0a8e6fec2ec51e268a0e5c4216484e20ad1a52b1,
0ad706f7e13ae4379a25f56d20fb09b1ff0ee239,
0bf01ff42ddcec0a7a56029fc4fc2ac08b2d3318,
0bd340f4b20f950c462cf4dd1b00b09a4c4c40a4,5
0a247724e3dfa46ce63737d41c355ba675711f67,2
0ac3ab8f693ba9e4d15bf51a73fef27c7a112fc1,
0ba08d35d8c3d827a79950dbadc0e76a6f6da45a,
0b1d385d1a3c8c8e833e7920813808981c55ff19,
0c4f848837c2e8eaf750682d4195cc9076d0cef5,5
0ac69d097e9ecf1e6734a9d6cbf1b8c4a6bc52a9,
0a0cbd4cb08c862deadcb5aaef22a27b770c0791,2
0a462ab1835b9882d56e79f598612b38ff012a7a,
0c4c799b7c70eec5d5cdcae31d8b07d4c933afcf,
000ee7a319f964af24836e5b0402cc7576edff6d,
0be2523b4549e32afac4bac0ef24f1d89822d9f2,
0b6f43ff10ff63de87d94272885b02039c850efc,2
0a207c68c2f4e954339e5db98c6149d5139ded58,0
0aaeb444b61e12df44b17c6672c467b5e4d8d0c9,2
0a3589362745a48cf5b56f4df61d20224202a3b3,5
0bb6782b0ae9f85190f40f733db74e6181404845,
0b90214ba1f750222308aded6b6503910e34d255,
0bd100cf454da5c2faa4ba401721a564cf84fd10,2
0a0ffa864d11abd4a2be59d03ad75c961ba5d51d,2
0bdd5261670a9bdb2a9532b05a4378708a58f465,2
0b7f8ed8be2d0637a85d730271e812f1db3404b5,
0baf09e80ca8703220c9e3dc33a3f5d3175575a2,
00f7d667e3362066c08f7d6594d1d3b0cb16e08e,
0c6a756686a3f5f86f2c063716e6131121698930,
0bbaf01ab8b0f6e52390b72fe16ebe36ee6b1947,3
0aaedbe4032ed7938b948621a405312eb996b340,
0a244dbbabf26f1b919ca49502e8ccbc5684e7dd,2
0a541324bbd8d37177f68e62ef5c6e3eeb5b95cb,2
000b7d1517ceebb34e1e3e817695b6de03e2fa78,
0ae65070d7cbfa7b5454181af026a8ea7391d5d2,2
0c4bfbf56443b6d80e018f40564789037ce69418,
0b73bf324b390e83dfc6448eb9198caf9b2a1128,
0ade65f9b38957887a96a3a5a42b5f68483c3557,
0a098b3876e799d9b21608e26e80d05aa9ec6475,
00eee133e82efe1b256b17c4d8440928ef5ac224,
0be2160c6cfc01fe13a42a9a601103694ce58a5f,3
00fe67432e35cea2b225647e42f5e919961087d9,2
0a7ce12364a25c65969e85f100b4c89fb07ca739,
0c1fd058b624af98542525f9ab3768ad1b586605,0
0a1c4cc123883891af9f8d6b20375098c8efac82,3
0b227d1996bc5dfd895b43f6c6e2449c58252c67,2
0ad5f44fc605d1d2759a22c05a4883b9ec05b234,0
0a6bbe4fc686d69aceaa734006da4130dc4a1f07,0
0abc97b76b190ae18f5dbf2fb44e0100a84cd7ac,
0aa4edc168fd9bf7ba7efee20dbeb007c26b1beb,2
0bc3bd5663991ec319ad89e4da9c186053c2f1e9,
0bd36ad9cb67b0ff67dacb92a53a39f98068de2b,
0b3716091880159e7258d9ffc9adf5d888948e09,
0a9cf8b219b05644670f855a95b67638f9a2112c,0
00c3a7d62e21141ef58722bc1b0673b71f750608,
0a8fe6eb57bbfb0cf6d6a0f5c0c9fc21f0e211ec,2
0a17c3a89cbba2cefb2c1b0f193242a66c87d903,2
0a2cef75767f38996a7a702eb7f2c5af43d96412,5
0a05a7b95ce42f0b53c86a24842ecc9845a7d023,2
00ff7837677a43399dfa348658420e35816d6e46,2
0b6dd3c9c6bba775c15cc3eb4d5a140f793e7de5,3
0b5bb18c32ee90f61fb1c36c888aabad80cc631c,2
0b73e5c0a9f912b5dcc2df38b898af9847640b2f,
0c6d1995eb2dd4ab53022495eca8f8ac697fb881,2
0b9b4fc7a0c40e56aab776cf0399cb1900149141,0
0a3ef8eca5d6cd4d7a0fef83335cc02a2347492c,2
0ab9404566ff5d8d81aebd0e9d9128b9589d9015,2
0a1c4a187e7e929cdf16ce37e7e475045a9ffab2,2
0b746643e6aba929cdb7b709d0af00d39f09cb79,4
0b7f63bc68c410beb4402bcf2c1f2145fd10c592,
0bd7e284947a9087c99d7c38668786acb255a438,
0c0b76bdde85404eef39575005d64289ec29aa1b,
0b60a2188fb1b960dbbbb37c919e5de679cb2269,0
00b1d99e70f779eb4ede50059db469c65e8c1469,
0b812694f1a51b99b25c0a7933230ced2eb0feef,2
0ba11c0f771e47cc0886ff422e71af9ddac425ff,
0a6e9aa35d1320355bf071879e98aabcacfe2b85,0
0bef80ab1a275c438a9b994bdfc42af1af2732de,2
0a71b4bf435ec7784af214d5d33a1155c8cee244,5
0a73a3249990bbf070b1b9d99589fc202e1c0918,
0ae893593421b05f6b24e68b529984cdba5f34f5,5
0a24f22d8d49dc503c52d43dbc51459fc06fbb14,2
00ebdb91b6b1c6faa72f37bbb8b0b1b03d11186d,
0c5fbfd4840c2689fbec7ae1fcd204fbc937b7b1,
0bfafe584842551754428e1473a565d03fa7e9ac,
00e7af2188897d57226ae59ebf7874882ff928a3,2
0a9da9045a61fa3a7801d0807eefd0454a9796ab,0
00a0ab182dc01b6c2e737dfae585f050dcf9a7a5,
0a932091bb779066e779e81a3759e9ae3f36bb0a,0
00d88f4a37b5d775b299e41b622594055cbdd57a,
0ad48a5a5175bd518098bf49051cb9df17f4638d,5
0b0e4ab25933932cacf8ec0a48c43fc0b30f856e,0
0c0d04ca73a9fb6e792fb8e75a7bfd015a9a5d3f,
0aae200778779289b1ca5ebd0d213df876eeea58,0
0ad36224231a9d13f9d9d91cec6f6ee3187e0f16,0
0bbc05b3f7d41626009a8c87b09dd3ed44c7852f,0
00c6711bada05a97b708a854737da9b7bd23a7bd,0
00fa7601e0da2676e573f6b62a99a77a878a7b73,5
0b5df906aa61d901a680a5b6c520aa6d62e33297,5
0ab46b1df9e05687a789426f9c2d76a56087b072,2
0c3be9775e24a07931a5644899df5c99636895be,2
0a3a221e70ed8497ac197567fe69e7d384759826,5
0a8e21567228ca846aa467c8381a60f0ac2a989a,2
0ab25ba570e745ff6a63051a301a7ee9e0c23910,4
0aa141040539da636bc0ba86bb40920d9721aa49,5
00c862a6402381a8541bcffe843696e059095300,0
0a69e9d5ea277f43e879728a3d974843110dee49,2
00e3a332d8a340380e8ea599f18384bb6697c166,
0b3c5191bcf529494ee78fa4d67300c8cdef0880,
0a9d995db37c833401cdd968a766509554529056,2
0a5b8413397c8212cd6582383a0922ccb7b77535,5
0b64a4383fc6b1e04c202a4fa27f0c634c9daf45,5
00fddd1ce0dae85355b9fdf8bbbe6bed4475f7e8,
0b641b3076caebe2a9d3b719d7ffecedd5c60f94,5
0b72cc90a9ca26f9d558b08f0e297e631fc8da5a,
0af3fd030621418589f8f3c8115390002bcd80fc,0
0a763afc181b0c2bbb6ab8b2a73259dfc6f2f5e9,2
0c1a55f04bb4dde1734cefae8366d7cbf9181a8c,5
0a04406a05a6a1f99d6413c02866b2ae3048dd3f,0
0a851d4005336287cd41901a8fcd0ba3bab686c9,2
0bcbf352d92ce90e1c2595fb458ded32b45002a0,2
0add73701e755696c13cbaa63b9378a24fe2879b,5
0c1c5de8aaed14c36cdaaa3bbdb6349bc2fd0431,0
0b0853d647711e2f3e1f2a0f10989defa81a37a1,2
0a2a3cf322b4b3f292a301a4ce3a27b3e651025d,5
00a5ea9189927ffc4fc86dcf2d5fdd713e5822ec,5
0aff4cf580d0b3bdaa61d0c9b356e1b66ff7c504,2
0b2dce336251d7b3966ba3312448c9dd39707be0,0
0bba2c1bb69443322b433686dfa6c3a5451f6e92,
0afd6bb0d25731afacd2a2cbf67a0874bf8d8d61,0
0b723d263277d7c26d6fb1568e19b788346ef0c9,2
0af4dde58a77d937a918f66595f7946e02d2a915,2
00bb29a9a6fb7570a77463908109c313fda1ce64,5
0b2d488ca3f4f788888a7f91f921674b0a650339,2
00d4ff0cfe5582b3f2746b2a33d67f6bd4307e98,
0a8adb4e22e7fec049403f3e50889a7adb783d23,2
0b0ce0d563375eba593f552fc31f82289982c829,5
0a29d3f3193c598eac6c27ada6c7d2bee9906d53,3
0b2eb4a443dcba218e3a3160c4caebe09ff94114,
0a003aa69f43cee4357f1e943df79a8b87c0a88e,2
0b3a1e6c8aac53f3ff29a7c05c503755eb349370,2
00c88aab2bfcca0db253c972382e5eee245d071e,2
0b282573f5c63c943021c10ca39a1ed21acfb429,2
00f12a2adcfe8f8f62edfcad80b541c44692f2fa,2
0b0989e8df039c658e71f0e692a112d6f7aa64e2,2
0b91de43ac98c1f8e4bcc8f56f95b9f91904ac20,
00ae60473d68cce817c03b7e329e0546d99736f2,
0a2955dc9d750229378bc3994568b60661efc323,5
0a6ca86c9b6bd25de2766e48b9bb2be6c04b5ef3,0
0c0a27f01b3e045dd8aebb1c99e39d35afc7d82e,2
0b9583908e91f87840a0f844e7c4ebb546482c50,5
00c8546ba285b32184e67eec618d4f4caadcfe17,5
00cb1a95986171a256f5ef14701bd8f571221a28,2
0b5c1cf3805952097b708377ea0a07df6ec3fb46,3
0b2c383c48f644edcb7c4dcf40046bd58dd5e0f8,2
0a1c4afd32c0f17830c8e7f8d5ff543aa1b63a6e,2
00c4c8272b9b23e81ca1700db6ba58e25ac9449c,
0c5c7c0eda4954c87bac8bc496087b963d006796,2
0b84ec140ce3f6a44ba43a27c8301627c4b1dd42,0
0a60911da5cd26b915a667843c296179d810d78e,2
0bccc69fb138e2f1ffc9a510195be229486ef8ce,2
0a12ac257334cecd9952657a56c0c340a47c727d,
0bb97577b1f4c0a5f456ac10d593b4c46f285e9c,2
0b92e7f5c3b8e06c1ef481077e1ef1b104d19a9a,
0a43940ec4bb0ed69b558b9a89d229035a97e874,2
0bc0a39f973e3f8165b47831fc8b0922d5ced66f,2
0b71c286d446269acaefbfa63e64125241ed3efb,2
0bc076b51ce1f622bd646c83bc2f0c94e64b8e08,2
00b8c7102a45f668b7e1367f858738079ee31fa1,0
0ad7c9ac2c3ced6c5cee4267796228ca532da097,2
0adc67dd5357d6059c21d54281273e4ffa20f6c4,2
00bbc69b846d083f62be3f1fee311380526f5df6,
0aaa9163959f170b5ece2b9164423788181eff46,
0bef65699098fb63e5091c44004b59bcdb52858f,2
0c6cf4b1ae6e85e30b13383d5c3409e220d387b6,5
00dcddac255fc338ffde9b3ff4286bc4b5609e00,5
0c3b797583bb9240a8aa79637717aef6da32cc40,2
00d734d62622e0ae059c5761fe1b7f52ce8b786b,
0c0d3ae86e9c83dfc795a58ae2ecad154feff32f,2
0b5ccdab6983dae63f8e635843ba228b42434c39,
00acd3fd31ed0cde8df286697caefc5298e54df1,2
0acd8bd950d67f1ff5f9124775291dd58f086d35,
0b44852e4c0d003747d7beb5b6bc7e0d505095d0,
0aa3dca685054a26d6d770542b3dd239d541e88f,0
0a233615b2bb8d11c6183a497a999b574bbc098b,
00dd17fcbf34e0cb84272565ac52768cf14d42da,0
0b479c12c6dbba551e18de816de68a72f79ded8a,
0a1a26855aab1c04db731b54a25ac7108bd49884,3
0b0c3d1b60e06c801518ce35be6f006e1e0bbde9,
0adfc265a45601143c7ba78108d06be7e3e55d7e,
0aef576e6534168e0a6a5317bb2458cf8b8b11cb,0
00c0b336da95c1d8a9c29236d81d2d7432d50407,
0be2b82dc8f666897e34c57a3d1bea1e95539b38,0
00bf962783de4cdf5a1d7a3602af87f34428a481,2
0b5fd3a0c9d3ca32eb1ece95cc74aecbe2aacc8f,
0b70c1fd82bd1962ab7eec83bdc61fcdb9a2db56,2
0a788544235f577b667f0cc31a6934091ead8f76,
0badd4c283a6967ff84402b13967a1be02ad522d,
0aecfe891a229742990165e93c22334d7f05c6d5,2
0ac450a22e8f1e371aae7bc7a01d41a1cd0a9f64,5
0be03c86855bc77a1a148b308b873e0dcf1fffe2,
0ad01b54bc3949aa9399ec59a5b4e3b56ead9913,
0b83f0e165e33cd4845883034d426c41f3047778,5
00d16927588fb04d4be0e6b269fc02f0d3c2aa7b,2
0c5ad932b62aa56a37a0633ad167e52213d5a318,
0aa414ba39822687dd824f74e623aafe76f6282d,
0aabd95055ff692b3f42d8232938a94d172a7bc5,5
0b530925f860fe1a3191519482c19e8240834caf,0
0a8871b77ceaf69dddbe21765aabe7d280ee50dd,5
0b665471be397ec5f295010a53ebb52b19f48fc9,
00a3c57169335c796e492c56854c637bd6e07986,0
0b1e7adc4414deee16a40a9a0908a55aaef62fc5,
0c3e7b14bd0f61e4ca92cccbdc64a581e9f17c27,5
00ef21603a690ae62a62c48bac9c847059c0455f,2
0a805366a4bd35a3dd93cdaa6a0e8228f5ac5c24,2
0c02f705b6446c3291e71eb7ff83b3b17a59b7d7,5
0ad01da34afb0c735d7d9e50ca27610651b81d6e,
0a5bffb944734d4afefd2ce3a49ae78ec1f12a18,5
0b66cc4baeaf324c0ec4d133553b21989b0b8c2a,2
0ad3da313db27e490fcecf58a7e5ddd248076144,2
0a580bf47c0a3ed1d46fc169cb1054a6270c8e42,
0a46126c562866f36515d8b388f3fc84b92b78c1,5
0c4aaa5de42fdf8277b46f4bee4a390c5194cec4,1
0acef18d2a7d2b97fbbfa190df1b0649d73029ca,
0be9489e117c94eecb7767fec2bb4e10b7ad0f4c,
0b691903cee3f26d6d36351604ed1337d8c12bdb,
0bf713757bd7310fe48131a9d4c95df745a854df,
0a4e14adbd5b96853c0049647a687d6e289190b2,2
0b99f04241566a49e266f6b6848f7714b7aaad05,
0a349f260b1e78d165cb7a51c4f4febbd22cd80f,2
0a1abc458accfcceb47f047357f06b4a86fddcbe,
0a70f6f07fa0124b56a7fa4506e38dbb41c3c443,0
0ba82d378e4709434824ef80f9fa7919097e97d3,2
0b976411eacbca5ab7d44d3fd13839f90e638245,2
0a4346fb089de0a5899b611bab9638e8ff6e36eb,
0a273f78945e7abadfb6f7b81c540cca8003616b,
0bb3b357f41b31c5340a6391a3e481cafd9a74af,5
0ac51f49c3eabfa9b1fbb4f4cf424ab5b42733c7,2
0bf578a4f0ab26013950eef23ea818723a5e79d0,2
0a9093854e8516041c2c38b8172e3ba5e1541403,0
0c4bc10401c2c39f1a8afa70aa350323adc2b1d6,5
0beba87e3366b16efad5fc85a9fb2be33e63e019,2
0bb96170dd357debd7e15b72f32a94165f4f67e8,5
0abbe10ab91b18c225173433d5c1f04dd4acd5a8,0
0b5320dec59c79e5bb3de7ecbff48016a7c3bee2,3
0ad95c7b1ad6f923d80105aee84c29f68bf92c3b,1
0bb7e04608c4393135ff2cdcd7a4ca6aa016442d,2
0a91a01d3b6084bfd02cacba098af54c2e38f374,0
0af95a73a5505cb7fd14dd6ecae4bfbcd0245102,
0b46a2b322bab8ce7f37938fe5a3c0304af279a1,
00e50fae243dc0b1f1efdc7c91e58d831fa8d96a,
0ad11c8de3536bfb54f1201d5829fe78700bd72d,5
00f5685e354b2e8f549f7c5161362bfb446210c4,5
0c6e7a9e9928c995e190743ba3b79b0d1d4b1b53,0
0b1324c7d50a2a7204da8a713c2c2593aa17a980,
0b5fc9e7961738f048d064340557f653be8c7a86,
0a5768ad6aeeada6cb31980fbf5e65fbb2db121a,2
0bc079b4f1a092d762784e0f204b26e6322a473a,2
0a23e77c5d03e223f0f7489303c6a9789b2201c9,2
00c906c9289250c1609a684295158e1224685804,2
0ae3aa2cf62fef78be5a7d11e8fd0cfe1e2408a8,
00ec6e927034a7b70159a09a6e54b74d08ac03c8,
0ad09b2806103e7ad03cad1653563554cfca2c08,2
0ac76c646e30273bcfb82109a42026973e38487c,
0aabcea32d4be54d0ebb50b8702ae26091b4b771,0
0aae24a2348f7bbb185b5bf3d0eb6a49fe712577,0
0ba6921c325592eb0608756138eed34e34527449,0
0af692da4780be985c065060ad79f743da2fe91d,
0b7581ab8ae5da78a11692b4c7d9399ec6dea283,2
0a7dd4baa6c02595d9c496353aa74238b02a21ac,
0ad6b762cab90e47acf853d6520343307a33ec50,2
0a6e81e4fc23105502d3803d67877031f558fea7,
0c0c4876e41080df39d2ae05289c1c5200cca5b6,
0a7ae554afac5a25689620efbc8ee50033b3d90b,
0a690b14a12bf45c467851b8429650bda528767f,
0a11d9948134e2535beec6ea843c61504c718811,
0c01cda9f5bec4a52faf2eaa494100294dad5c32,
0a5bad22f4f8cc3f6aa02cb29abfb1d7e334c6c8,
0afc9dacdad50b34aa39d2e1b4d6e57888421c80,
00e7a32a8286cd9eb5b2b570fba0417547863f18,
0bed029d2683c5eb5ccdc109fa44c496c3adc18b,2
0a9818bb8f9752db1b041579490859b02dd5b30e,0
0bd3f5e1ca6e06a1fb235fb31a353d333c30aba0,
0aa08ea51d362b6b900052d22f615a2b46c1820f,0
00fcc6277c19f6b180232d7a6fe0b0abfafb21f7,2
0a6e0b29684fca3cecc6754082ce6efa710179d0,0
00d53ba1f167808b00a5848357c172dcf94b7bf8,2
0a6e48f3dfcde8f05e545819f7237f26990b3f57,5
0b1a7bff6f306279024a8dac3e2c3c7f4dafc47a,0
0bc8ebad714c09cdad950f2a46e910e74f891de9,
0c4f07218b11ce8d45ce23f8a6f1bd280a94d975,2
0a9c92624fa4e3cfa24493d242d9dbd2192c5a88,0
0b6115f8cf864fcdf87693955438b7a8a14ac135,
0a64d9710800fe4ee8ca32f7d092d64895c878fe,5
0a9e5660215e84164e5f90a48951b1876079cea6,2
0bb8b574770f7e98cee9c48c9853a20db2434ce7,2
0b875918f93152038d3a87f24e51abc1fd99a348,2
0c3d67d0d0cac52644be06f15987bd32e9ce4959,2
0bf85ac0cb9e1f6d1609a60dd39c4d668b0bb31f,2
00a71a90b4fb896291913c6d290833ade77e2aa1,2
0a15308c6bdc2ab87432c5d9aa541675dcab8c04,2
0ba3b715fe27dbfe5bdc379b131bad36652e035d,
0af7ad44d9fe38134408a1374103ac32ccad1491,
0a67144ee20745181efe19f9e3b9ac0929b578d4,5
0a3617b2f0210bf01d84e512ef65ff614335801c,
0b52a2320b9a347ba750beca33fbfa84a137b236,
0c4d8866632f3b967cd7094e3b596eb2ed84ed16,3
0be366e262aeb830454dd3a74f7cf0cfe349255f,2
0a9145664ca5e8dd902b5f01f70a53e638ab52a9,2
0a603b52939b7dab816c56ffc774c1ddda67a484,5
0a1a4738f2451675e376614392a56618d1c7935c,
0aedc185ca4490cb719b24a1f96eb7a700ae92de,5
0c0d7755c06382b96a00e9dfd51b0e443bdc57d5,
0c1d950cd4ef4b3ea5ddbdb1d57718a9ab49a068,
0b180c5c5edf329811114548e19a708303e7c1c2,2
0bf65fea4efb7b11c7c516e184d058db5dabd697,2
000e43590fdd2e011cfadaa14e6c14f318d11bbb,5
0af35259dbd50a01ea8bf5069d4bf952eba600dd,
0b9c62cbe7a1deff4139232d2592dee5a93d9d3f,
0a95d5dccbe573b1f79c50ac2c7839a5c08a990e,2
0b88b8fe0acb89cf127fb4d07d6f38897c3491e5,2
0b0aba24cbeabc0249d2483731d8f5e8f613c116,1
0bb9b1d0f28df2bdca046ad7b28eaa1bbe1c9f39,5
0a0afb5dc02afa81689e0e75afe2f9a21ce09e70,2
0a35e333d53a41d4ab8373581d165c73918d90d8,5
0a27031e9ae48b60e6d1b337c0a4270223dd1c30,
00eaa28403c40a1892c493a5ca2df4ac1e6896f8,5
0a2c35d762e771909b1dc494e960075a0671d76f,5
0a9ed84b2d6679a8348ec48b48d493b2931998d5,4
0b32c05ed07c56eb6f54ea92a696c63667f87dab,
0b8fb568a5f765a6ab9d15058c8bf9e130d222aa,
0b15a8201eecaedb2e6ee9ea78193b8e46c2d42e,5
0c02e8ec33a4d59a3787121043e343975a772eb7,2
0a3deff6c3e63ab3ce6ba8a577546f38165fd7c1,2
0b064096b51c4cada7b64af37eae826b7e7c9649,2
0a56226479311e04746318f816ef48caf085f708,0
0bf1d9a2e53cd72c53a76930f5b37d4957678417,2
0c2acffdc35700ec79736d34954367e953c68556,2
0ac8a7f82aad93ce05c17848784cdb2dc06aa44f,2
0b5e8c6fa299029beca996b95d1ea5382bc777e6,
000a0fc8bbef80410199e690191dc3076a290117,2
0aee40fd3c0b79f5b7b3a3a0bf5e508db629e75c,
0abcdbdc4d50e397e4e0d9afba1c401ad4e14294,2
0baaf797f1c89d4754398ebeda66436adfdf3648,
0a390a4a31bc3e86b500ea4edcb1fe1c7743f086,0
0bdb9943c7ec6b58815b603cac1f8776e642ba3b,2
0a3d78fb4b228cdc20e48fcc96f9da3f92ce1207,
0b9194bb0ff505491f38efb1a416ed7322959d89,0
0a86202bc6b55eda35e49805fcf9c4619cf9bede,
0a21f45c4e657a46dfc5add4088b5fa561755915,0
0a7b901135f60d46b949363ef8398d8ce1a04ad6,
0a765029b393edafe3308b30dbea068e84a727f4,5
0b15d947504dcb1cb54c134dbbadaddc69204c12,5
00ae12cca3eaec8a77d965823b4a20ca0697674e,0
0bf4991915d22974d12d9a1cc1b6c8a56f31e048,2
0ae03de0f0e11c7abbb9a36c36be9b200b661423,3
0bb181551513e8bfdac02b7936920ac3f50d01c1,2
0ada5c748515d91d23487d2ab157b7cf830449eb,5
0af7147cccf23c134968cf9c5b9d357a7c179633,2
00e48f933d59a933f5576d0f1ae348fdde44e291,
0b4a898e89f9df78dd4615201e48143a1702824b,
0a167ca22aea20cb40d6f05f70644bf10e01f179,
0a1445b969907bd0976b6257f54cd4b081ffab20,2
0b9622b32646948688e32edbbca941f0bbe0e832,2
0b9738ffb84ed932178680c6384bbf0defa0ebad,5
00a4b80a7e0f35c3f8ba74f5a9eeea73b77bdc3b,0
0b5b490f075aa99ce120a49126ba2ebd1e86dba7,2
0b82b316c4b3e1559df9ecb58ebb1f3eaacc13c6,0
0a4445313dfe23837af72b0268f0672ea5b8bb65,5
00e1ca528399a484a819a78f7f6e874fc65a8dc1,0
0b1fadb17ba46411a9f21d6c177ac4dfabbe68ae,4
0c6caf80a7cc7cfff84024150ecbd72addc4e05e,5
0b65341c3090421acaac37ec4c93212277be55bb,2
0c1bb308e8ed342b064b22680cb320c005390606,0
0b19ff1c9b5ddb407af1ddc84aca0002b1258f66,2
0c2a2ede558b9408ce542aecaa1b5c3ddf3d7c6f,5
0b212665106e1d48ea4f2e5977c6ed09857485e0,5
00c71f72eb837e2342dbda8761664e221e2a03df,2
0acc1f9a1c333a9a6b2dbba4a252d7576f024783,2
0ad97377e427a46655faf7a13cd34d14a4409b4a,
0ae7fff969f6c8af643343337e618034a94f4a77,
0bca841af11fa978a07f916ec43b34d7c88b71c1,2
0b28a146cc0e0248796c5d0d50ded897ddaa0546,5
0abd040e9290ce76450bb4723e4dd3407f79306e,4
0b221e7b8f465cd5a840579983c6c2da5e6318ad,5
0b1831077853bc7bb6a49fb39d101a4464c2a173,3
0ae71868fc7f1f6ffe401154c10b985f4e443b15,0
0a364e414e723fbe3309c04a233c1f39f329639b,2
0c6cfd13c50536e202adcaf0ea15c591f37cd9ca,
00b88130d2a7c8489e209742494303b6731d7544,2
00dece4550773be4d103f53ed0750a620fa19f88,2
0b6a65192c25d1f4fe2a17090a5994c7f499d42a,2
0b4ef6752bb8124be8f8d2ee2f0e8fd62b22319b,0
0a2cdaf20965864cdc7b66ef39f9418c6328ce94,
0baffdf3900302d1a91c63f7a634fff20b34e302,
0ad6aaf03d3a06f2b7c9b998fa587e14c41a9c87,2
0c0bbd6df208d34f08723b13d1350505d428d47e,0
0a816b1d7788bc3bfc266f235c06c15f68fd99b4,2
0c1bec1596d5f05e1428d8678d1717d3e653d58b,
0c4cac3d1ec50cc99d7c7daad18299a997899094,2
0a67250af106e4bf54f7e259ead89821604949d5,2
0a06613c9de494e6f57b697901eeb104ff954f1d,
0abf63957eb1f6a5b2a8710663babc4fd7b72afe,0
0bc1da8909a41121ef603783dbd94547daab4856,
0aa4b366d3263efb9b9c0940bfbf4780a395fd18,
0a286d192dcad11b2e0894c70f608de498b84aa0,3
0ae7bedff3dfbfc1ccaeb5b662bbace00ae16b33,5
0a1148c1b0d847c7cfb22a74e571c21cce08cea5,2
00c8ac218a79c3a4a07f9604f64d38fa9e0fd0ac,
0b6f58ee988be85e73349fe64d4a1b7220992283,
0add910e9efb81f7b906101a7790b812074dc8b3,2
00cce52cfeeae8d529e6b374b8f85eca05d8d41d,5
0a9aa6532887ae8de991dacd31b6ba7c9b5b4817,3
0b1a5519e6f07fdf2c99fb20df015acc450fa631,2
0ba71b8ced117cf824c3675bbbb5ae51c12719b9,5
0b4f6501ac34ce2350bcdb121130247e2523d928,2
0bc2460ee034e47cef4b23f740d50d70937cda6a,0
0ad9d37babc061479dae96d38eee9739f5a6563e,
0ab32c7726deaff1ef10c2ee762c2cb917d92929,2
0a4f30f5fd02ad89dc9ba18964325c6738807465,2
0a08fddd9dcee1b1254a05b49113521bbc423ccd,
0a72c5895da2ad0e0711cab6c740fa39d0889198,5
0be6cb48ecd1c2588e15629b58c1a8df49f851cc,2
0bbb15a89f51d158810412388d883c644c096aaf,0
0a28be687a48559948dfb278cb34b4ae4185e27f,0
00ddc5232dc2e112e57c0cdae10f25e278c4fb6b,0
0a789f33c09c431e21a5647178d0439fdb8689aa,
0be465ccdb9e51958946dd6a91ac8fb15e2b2272,2
0b000e9cf8f5e41abd214cd771e5d5c5217621a6,
0a4163a0756c64d73fa98b286760e5975acc34dc,2
0beeac7692f61dbadfb0857565a957314b9232b0,2
0b627ea5840e5e48709565840313984dc900af8d,2
0bc69cf4c0bb5adcc8ec0797489ca9daf3dcfc69,
0ac777dc87e55911994ae3287cec371b68b9cc05,2
0b6962f3ef4cb5e76d6ccd144af840b6aec67474,2
0b93d778913de4034a526533d69aae2e40200fbc,
0a8163e04829513151425477612a4ce8ca976864,3
0bdca750e8aa93db739f513bcd1eddd854380d2e,2
00a026de6dd835a88da5840c5c3244c3b5721a74,
0a52ffba79550d7b2fb3042f7e22c2ca8ea7b91c,2
0be7d6f4eff3d1c2568753f229b2b000763d5bd4,0
00c82d58924639109e38326e439b4c0e678a64cf,0
0ae1cad5b20badf8dcea32e8c80209b8948d1e49,2
00d290336acca5ed1c4777bb1437746f9b94a3c4,
0b7684017b1ad5be5c9589fa8bad234fb07630da,2
0b82d75437611047e46c37729000c5cfd201ab47,2
0b5f1bb7fd55fa45179dfd0addceffe552d473b7,0
0ba6423c703114aa36e2bc324c7544b57f6b1a73,5
0bafea46c1a1b57ea327df699502a75bf94bc875,0
0b05d3ede3351f8b3edb22c74b0cfe933ba408c1,2
0ad1cd1238f81e0a8c4976119e5c0184b9902628,
0b8bfda5d11f237fedb5b5d5610d8a69987f1bab,
0c05d8b73a5d20dba42f4b0235fb7840a72bbad6,2
0a6ce864e9696cf6bc21a64bb8b1abda99d4744a,
0a8d9887e378df263878873a4b7be141aa224b42,2
0a9d2f9ee8975ebde7f6ad413e94aebde6b26746,2
000f9e2d3dadab239e44c57471b7a8b9b35452b9,2
0bf94abcb4b8888debea24c313ed1a329e7a0bb7,
0b7b587a0013a29f60ff98cbadf91f7eb117760b,2
0a89f0c083b2766075f2e8f8cdfaeccf6c43e406,
0b23b50fd70f2a0addea45894c2b2ea7e732806d,2
0b9f14ed451da0b4adc9e48b71a757406447cbf3,2
0b67177ea74a22859fdb058a7ef0e38d888f2fff,5
0bb553d4105896c9458ea1f93b58312085829860,
0b19dfcb9191e3cad442366cefc8b66f59456348,5
0b410384ce5b8336eb56b3e131a9929e2f71b033,
0b7239d872b410f2fd7d21bcc72abc85f26e6b52,
0ac755b4e4ed0430c08dbaef479824051cf062ff,2
0b90f302993b075229dbe5f9bc03a180b2e2632f,
00e11bbbec622bf489cc80d3fa381f78cbdf0d75,0
0a1ca73dc5f51aaecd0a451d8031316252603664,
0a2951a64506e15068b565d3b8e28ade7d27dc0a,0
0a1a2041b8dbefa5d83aecb2a0e0f820e7a54f26,5
0a617f5467e92a9a638ee23204247128635e32aa,2
0b7da26ab585f0c6c2a4fc6139f278b8a1211575,
0c3eee6f5eee06a6b56c5f6a528b4b18a57e807d,2
00a2d1c238863845bb309013d9690a04935df5e5,
0b9249faf42463eb8673c8635f33c34c5d8a8bfb,0
0a30625a7c63e636b27eb3a9ca8e62b118e30a0b,
0a761b78a6387d8b93851d47ffe83dde7c85aea7,0
0aa7665f5dc5423f711659304673238920d1d976,
0a99dda1c465286a036cb7c217e77e9a054e8910,
0a2331c35b7596c32acd1b29de17ed3811522382,5
0ac940a3d614bd32063b9bac42bf849a469e4768,
0b22db40e9e78fb29f6ae2938ed8ee2d00cd46b2,2
00bdb619e29ed92160d1c1e00a9c60a80fdd38d4,
00d1cac895a6edef4a73df98da8a2591a8e1787e,0
0b0208d63d06379d846edf649d47041fc2c1aa86,2
0c4fbd458518af60c8b388a0c13d8ba8cacd8864,2
0bfad70da896a173ccfb55c8809a3ef97d1ec8ef,2
00af80743cef9bd8c04c532d74e9c67f0c9312e4,
00de144116134e535a0983af77e6d5525e13b5c2,
0a31415cbe67f0fefe102227c8737f79b137e530,
0aca544ad7a5fb37f4bf005fbc8f735c2d6feb66,
0b55ad38e919a35f080c1dd188aabdfd8fabfe56,0
0be03cf7b35ab724826046bb39d83ef67222c402,5
0acd4ed637cf7e028c191948a5a56895c5f57749,
0b05cdd4c1ed6833e007622c8f443b856a6da61d,0
00aa9cbf61505e3fa77ef009eafe04300a5c39b2,2
0afc62f69d2b9cd37d50c8d8abf08a0d399e6d9b,
0a14a1c630933e661fdb68de4c45aac1b60d46ee,
0a789bc7f1713d549288d3effb72ff34cd3b0ab0,2
0b7778a2f614cc664983ee0f7028cd30291dc47c,0
0a73ca628adb3384d92796dfc6ca976206c3265a,0
0aa3eda0fb09bf9f55864fc2b9157b9317f62323,0
0a45d2ec9faafe2ce1c0584bdab1281bb9484a4e,
0a95b86356881869e3a6245dc7606fa2c8753c1a,0
0a1beb9a503c932f467fedfdda1202f8770792b0,
0b159ec402f822d502c0a2a478f5e08c1212acb5,2
0a492457fae69095f62bea0f3394665a4d83285c,2
0b01e4cbd05b4323d4778b94d60ceda4d4664afe,
0c2d3b2313ae36f94f856546e7509712da3b6a99,
00ccc4ef2b6c6f238836b7feb5123bd6a822cc08,2
0a9b4684df9c21787c85d3c6cb39b3b877d9ba4f,
0a73594bf7c3d61eb512490a51dc94baa61cfd75,
0a895361d8e504c8381b6bde1560e23a287d5bdb,2
0a7e67d3138a81cba472e003ca7acb7fad3c20d5,5
0c0e55546d09fe961a3dd37718477c88866b65aa,3
0b20c1b180de5a9369b17e751765560a720c2d76,5
0abb89cd39c5f5f9b9d893a52a7a690f6847e76e,
0ac0e2eea2bcd4b5015bcfe9dfb62bae24cfba67,2
0ae01992a6782fc3e836371a96958191b7d2cdfd,0
0bd52cd996b35f83ec3e45aebc63017a91f5c9b8,2
0b48e310b1f5d0205ad5ffa292d950d2808185c0,2
0a7ed927d8400d28c733c3425c65b15b7fc0aba1,2
0aa99ac1d43a8830a2f0a64c072a94e4ab66281f,5
0bcd6bf98b395092a903cf17c6099299d5013940,0
0a015f55b8eeb1ac5ac5dc91bcc04202633d0e4d,
00baf167b536dde6a06bfe431aec3e514e04a42b,2
0a96fef7e9bf72fcf9b7973ea885e7b5805ff6c6,5
0a01f5cf1c5cdc2711bcef74315dc54a6e143df0,2
0b3c878bdeef7649da8ae76d2bb5a0f48374b67c,
00f9282635edf844159421e7db6268c9ec205c0d,2
00f14e01af3373cd33704ba23c31ee81acc9ef6b,5
0b7108279ae8a8ed32c0034ca2c68cfc1e5a2ff6,2
0a135787cd841ddeccd6ff720e416d35bdc4343b,
0a99e6b20c46d6591a450369ee0a76fe8e360bb4,
0ab753c8d4e6a1bb3088307375f8956964d56d5f,2
0a256d2a62ed04438adbb9f406fd7522b80f8c5f,2
0bc493404a0f56928b1f5762c40cd1952e563e7d,
00f1ef126735474ccaf3a8d1cce9a4823d7f1228,2
0b1e325123aa156f3ed33891ef9e02f407a3ca80,5
0b52f8dce0841944c6a513274ccc7e2839fe052f,
00e945f3938efdc9d46139eedea6284cce579f35,2
0aa15f39018240133a9b40985dd986838fba5cb0,5
0b9b177210a4b23ff4745f2717083ba047a9e770,2
00f0754797d5dc8f3cc24508082c42c9a7c2ab48,
00e4371134952c693fd79ed05dcddbe8ad116a3d,5
0b1d390108ed2bb3a66cb91a1d6630de0b455e1e,
0baa9e01f27eceb210c79f80a13cc06b50c1830f,2
0adc2dfd5f26656ce3527dbb5dec379d44d0601e,5
0ae0e227f20960cc18b33946a7c92969dfac79a2,2
0ae061d5ae636443d92654dff07620915ac2ca03,2
0a52a3d2793f8ca8a4d6f6630e986ea1da115f80,2
0a9adaf4022985f0c325697ec3c0fcc1a6d44370,
0bef42ef7a946f49058fd4acb6eb8d0f4ed7e82a,2
0bbfbaaf1a302da40204fe62e192ac839218b0e9,2
0a352b32d07db3ee14105165b50ca965a973673a,
0b506e20788c168d572bf9e48a54cb4573eb6085,2
0bc8e91b3303d211a4123b54a36dcd4c460f3e0c,5
0b375c189c5935072929c76fb1cba68edd629d77,
0a50e28070e26967050b5df149911c78f8693c6f,2
0b137fde2327ae4665db6aef52d1c98fc4053864,2
0a1f43c04e0e22fb6efbd94611920bc9680d7ae3,2
0b37af5a0e8d5e6403c4900f2996ba28a6cfaf26,
0ad114139585a123079f9d6658429b37457e6b07,2
0abd8001807fa3e4a704ec35a1911166c472b625,
0b240ef3baa04abf84a5eb41eb5bc072a0805715,
0bf614ec42d27fa30f001e67ee0c2ae40fe8ed3b,2
0acc757154434d8afc870e55c010962a61cc0af3,2
0c0cd8209801b5fa59796f6a8a06571eabf2ac88,
00de2ef674cfaa6edc5eda2e02b328db3418d7b1,
0b8534f8639cb6f57088f69c416ad4e7d1c111f6,
0a80e2476f6e1d3c1d9714b4fd230587e3e71364,0
0bbb736b34ed4af5756dff88bf77c8ed8620703b,
0aca9344d369a4d450301ff2d727e4dd5219d45b,3
0a17eac54e995f96411bd23dec19354ae1db3036,2
0ae2b8035050ca7f5150c2e869ff45492e1508f0,5
0bc4a3f1c5aeaa449db62deb7f9a2f45509f62eb,
0ae3f61077f4f2b52521b41af3af1237358c1894,2
0aa158309e33b294bf04fef830620398465b9965,0
00cefc7b452342cf2f1de6d379c4ac6626da00db,2
0c3b3ae35af5de4b137bc3b40d6bf707c6b43cbc,2
0c1ca8a13bca292b5b0c6ba8fdd1c865c6e864fd,2
0a5d8210ed51e8de76854026a60e5810c6c250c6,
0bada4bd52b76d5672c8eac12d684fa2882f1136,
00a407540a8bdd6d7425bd8a561eb21d69682511,2
0ace222a6c33986dfe57d3f24779fe5f674724c7,
0afa3ea846396533c7ca515968abcfea3f895082,2
0a512a4819c586666dfab93b1f5ee4fc02004494,2
0ba67ac74fbf969ba63867a3e7992ed5adbaa4c3,5
0a10e44a9bbfbd346fcc5043bc2b12f319308cd5,
0a97365280fcbce29e4f645d410ecf259a0e56e9,
0bf8adf9bfd994194caeae2eea9d110d44468249,2
0c1b5e06659621ae2450ba60f16dcaa0cbf6389c,2
0b031e73ff05a577c896075639a125e78d084415,0
0a62c80536aac29f30a65d03070fe79f9e8705c5,2
0ab868568bc301a73488e6671f9d7729ed961693,
0a65ff59f56fb97f85ede40797f7a06e17463ba0,2
0b4dd1967b5d3157c6eb9c01ac59283bfcb93c75,2
0b484129a4b57b984fa9c16065bfcf1a92d40e66,2
0c5ce6b7ee58eaa2b602ec57ed673af6e30ac4d7,5
0b4b883e04ff89a351b807f610757b993889dd01,5
0aa0d50125fe98feab1d98aba6760b14f4fe3927,2
0b48e1bfcdff9a42c88cc80a98661feb2703390d,0
0a7b5a345a7faf983347f553f711fa65f7a55667,
0b16fd72a56a1e138d44dc23b69f293e35c4267f,2
0a781fedeb91a2e59cde6fca0e5e7a6f3c643404,
00ea431edaa5e65aa06c32bc187dfdfbcb9d6789,
00bf93c7ce5dccbfc4f28c8075bff0be1ad40d07,2
0a544bee366aec9bdf3d13c2824d681ff3cf7b09,0
0c1a36983e74ff7fb505e8b6665ee580238f9d58,0
0b459efd865c7abef48dcb9bf2edc86c4178005b,0
0b03acadefb0d7a3a233f34c4837d4c15197ea5f,0
0b7d1bbd3581fd08675b2aaec03c0c1f9c954118,2
0c04a2b5c4c91d76c26736dd05ce6fc6385cc167,2
0bd46df2dedaf83cd4de8e1e6dff24f9b394e1e2,0
0a4e8d55a3720073dec7af9194b25cf909593b30,2
0a89d01436c87dbd802431eb574ed0dd486d4d6e,2
0a82c4e48079a4a333419b288ab7a341e676b22f,5
0ac30466bb6fcd6da6d05611cbb25dfb38dbd6d9,2
0b0ac438cfc332c11bae15ca2673a49141592484,1
00d1165856c978d9b09bee5e0a1fbca063df6c4a,0
0b362bc7e9278b56c2740ab7bc10e91c036f835a,0
0a449e173239afb38816257e1a53811b47bf13f4,
0aaf7a0491849f75b8c50b01e4dca44db55b346f,3
0a04d377a83b28dbc0d97c90acd829255796f69c,
0b6921b527a0ad310a609f0206a32ce91b83e496,2
0c2d75788a3eefab4c24fdfa89ad77b721c818ea,5
0bc0686cfdd5c500fd915b83aec16a6947446754,5
00c75478b9f6b815f8b552a50fd5e20a6d10e9f4,
0b5b6c47b8c2b3e8dcc2e9432d50cee36e5e6f22,
00f9ecf51476d19e638c118af55e0ef3614f5923,1
00cc4fafd19f95fa6462e630bd318892af8d142f,
0aaaa7afd5bab4d3b548cd768fdc38349eb416c5,0
0b68696224d4bd26fabe51c2a4f9ad8680ecb97f,0
0ae348a31cc35a76cf9e0999fa3e5369636ffc31,2
0b3d08dea77cc6eb97d674682c1a4eb6145940a1,2
0b94596064704e2646533ca450403c1ee7ce4ef2,
0b1d4f08d46d40bf9cb32c0753003b9a36ac5aac,2
00f9c7e23b84136c58f8170e16e3d455316b1d6b,5
0ae3fbd8336d89454cbfd2d87f159558824247d8,
0b694e233e30a6df59c27f0982c5f9126e934926,2
0b2c75b7d91b9790cde7b3148a395c177c3cd665,5
0ba3478739c41753ef7f39268656e53cbb2da43e,2
0b14aca39651cc93fb2ca56a4ab433f57716ca37,5
0a14e3705ee7586d782041068863fff7cb734746,2
0bef096e1eb42bbec0f865c06392f12728b90a46,
0c04f5329845045f23305c2d68c38debec951ffe,
0a4be9f048521079c802d449143d88bbb140c230,0
0a90837664d9be6a2659509473047edbd4fe0e7d,
0c6dfd6796df35e619aa7b8099bd54174415fb52,2
0a4cd3294e9e451b3fb72b290be6222cd0236523,
0a70327be3362a6b54a02c5552a570d6f80f396f,2
0ab795fc615df6457551a8e231dce1f268eef9d2,5
0a9f772041cf026f3b6b36f49110acd56013d5e6,2
0baa7fbb346a50319eb57a4a1556c3f48938d0e6,2
0c3ceccabeff0296e424a649fe5931a1671f9905,5
0a2b82327ae32d76f34a0b8da1ac96c35c8b9af3,2
0bfd20585f0b6915dbc9726ce66e81375c90abc3,2
0bff1d09883dae075564e94ec7e95f9454484e32,
0b752e988093bde18dd6217a515c67b099f01f45,0
0a1c6ff9ce8d4985e2b5859b68825cddffdeee9b,
0bf33d9da284f8660f9c30469245eb9b003ad0ed,
0a05964a670fcbd2b8639ea7339eb63f1ffb8336,2
0a30a8f737f2248fc6004a31d6cc0d2cc208be06,2
0a686bf5655cebde0f696dab7ab082d63536ec92,
00e8b72274788da7bb38ac5d7b43d48734d80a00,0
0b0cc43d86df1f781f1b37dc2e1a5d8e0b12f7ae,2
0bbf103d10bef764bc7cb567d8fad9787ec178e5,
0b4b3ff81ed14d80978af1bd116493a6aea3fe23,2
0afe272c56e227720123042fa91d5c4e7478a5bc,5
0c2d5250f497c63b8599ca3787e0efe6057878ea,
0a7822e6d84496c45d76ef6ddafa41140f866fae,
0b37d6c3950e8c9e9bf93a79772a765c47b07c1f,2
0bfd4ed399054eae26c3cdaabc0aed80ca95e125,4
0ba6e597dcc8f975e19fbe02f38047d1a8cfc0f7,
0b8561730d955f86045b573c4b6e41f2fb6e6bc1,2
0ace4bd165662dc2eb776a7769e1d737022d6dcf,2
0bd3aaa2f3ee6d82b6b94051755fb751ad66652c,2
0b0ef699210285beb93ad3e228cf0ab8350dc419,2
0ada8def02396936d3a71a08092e6442db07ea5a,
0a787237a52b050f9ac0b2100272f8adf0ade472,
0c0e900e925711bb1cac100c94e3c2a33f37b631,5
0b2dbadf20a5eb3e7114d06bc309f7a2dd7aa714,2
0a037565ead5cb2ee8dbdd7f6a0e381dd4b7ad83,0
0a8249103c6f04d1379e87625086290ec0677614,
0bbbefa948a5d715b07e8f1cfb4d231df4d08e82,2
0a7642a84828e55a3856efb09104787c8a08355c,
0ad70380fafc6d84aef788ecf932baa3b5395591,
0b9f8f5ab05c14f0c32907ac2e05502b42fdc945,5
0a4003301e245d78748dda1316b39b912aa1b28c,
0a03ddd40f2d3eb308cb2c4b961bf88b3c7cc8f9,
00a3a4742c565f5e2e64ad03fe0f1e16baee89b3,2
000affa746a03f1fe4e3b3ef1a62fdfa9b9ac52a,5
0a1d26e6e7c8b2e178f89a3455b5bd88b83cc70c,2
0aefee2641fbcc178d92c5217f5864a10ef911dc,3
0b35b06902127f13fe98623b233abddea9e80f16,
0a8919121508c51588375a1ab00d463d0c4d3f64,
0af97c89bee3f237a362636b10002721961b958d,0
0b88e8f1841a7652ed289103e265d6af457cb62c,
0b104ed7194e21c4ba47460db675b638b0d29bc4,2
0a7778354b5d9630cbb7bd9fbb1f98d2db6088e0,5
0bf83f9e7d36a6ab4f0c683374bc616a887e82cd,5
0ab492b83b8ffeadd819b563edb2180618e9d436,0
0bd5a16e1e118de352d875d0d54d25445fe2902f,
0abbc904e7a1b2e1c3ea7be75ee2a61931e0a941,2
0a30edfa86ccf7df87d9cf1bbc46b5335a7619c9,
0a87b58a04412ff61a9265615606231b23bc4ed1,2
0c4b19d02fd4fad087f3571c64cc5c33dcb5a3fb,
0bb77918c07605bd1d2159a735ef779fab79faa6,5
0a57492a55beaf68562c1d6fac06a2be8dba69ea,2
0b3f514f18a6145d90de277cde12646bda32ba25,2
00c883568bb191b556b0da3f46b175008dd19cdf,2
0a8082e17d71149fd1352fd314ff45656d547adf,2
0a4ed2c49cd505f7ec1e7c93945fcb72e959d04b,2
00c55b10995c68a91b0aaa361334d0f60195cf63,
0bfb99375e4f9ba5e47e0bc752b2b5fc4cdb1c30,2
0a81bdb1ec55d0a6fd1c610b85ce7b4ba4f280e4,
0af28f1ebb018e8e5eaf85321ec25d8542dc4570,
0c0e1065d60f5847518ad9535be92b70a8e3069e,
0b6936373351a029b06b8784ff8077d755e7ee96,2
0bbe0a6cfc85afedde9f6c6a134cd27234fdf5e3,
0a3cd20527e7cae94d96dc66176a25c2623eb4aa,
0b7d50ddfae18226d4a66c578d9235d872c85056,2
0a296337bb6e1c6434f7f13924059ec7f4f0ef8f,2
0ab2eeb98aa0e5d0bfab81dcefca3e05637c2de7,0
0b4e8563462b63e4cdbac545a6e746a8520e5176,
0a51bfa449d2a0bce81d15cf0ee892179d04b39a,
0b4d934c724fd26eedb928364971f18175a2f0e3,
0bdd630469d04a0ae258191b195d9d4781ffbb61,
0a4a2763f35864555a20b296c1daf1614f09e28f,2
0b004803f1a4688bfce9f28d13226f69403724f7,4
0b60550ac0d3a6b782b1d5e1128c6ee08c9d7b0e,2
0b5332aa6d764546da2ae1303a71656ae7b2ed7c,4
0ba7a6c67281fe1f02fe2f91fa8f20314f5e1812,2
0a92a878b6603cb88dfc8c597e2a84407a0059ab,
0b47e798d50ce617982cb6f89dc887fb829b0fe2,0
0c03c75f0496cafe4a6bf1f620b26f6d5137f725,
0c2f275cf824d28a4955241173c6903a395540b3,2
00cf7075c03c7776b8e0e523d205c76c294fcb59,2
0b7de7591cf59d3b9e8f9db423431c0850eb0276,0
0afada830681fe394b39b4c264f771bebfb276b7,
0b0e0d1d1869381a8c2410bbf19493031e1dd590,5
0a5571cee0a55dc15657f838e365bac50d01e6c9,
0a5380a3145cb4326fbc380c33cf6c67e9e7eea8,5
00ab6bdcb3cdedc8cdbb297379a289a169bb5839,2
0a636ed5d9919a4b03a20e2d9dd3dda0a2039ec0,2
0a300201a125aadde1b25526dcc1d69cbdf6dfb0,2
0a296d80d8a8c0408c1ea9559c0f0589fb35cb03,2
0adbf9d3e4a2ca61b0bbaf594355ca4358a69023,
00ba21256355a113c75d9f96072c8a30ca94e184,2
0aff2b5db034c05a5605fa9839f940075b8e698a,5
0b26d9ec6dfae866ae3f1a3f773036b1c8627147,2
00c4c4215a0b95d8eced47fb1b356281aaf46f7e,5
0bf0309ea6caac71f997f93dc2ebc1edecc4a305,
0ab4497473f6907e222b3e4bced7ef6be88abf35,2
0a11a6e99c61da77f540fa28b3ab843761537711,2
0b209c488c86e1c7011b50c504a8108bbeb2c0d7,
000eec3f1e93c3792454ac59415c928ce3a6b4ad,
00cf719db65d07c0c7bdea9defaea448fc5f5786,2
00b050ecae47c925db0eb4db5769ff1f907644b7,
